Model,toxicity,severe_toxicity,sexually_explicit,threat,profanity,identity_attack,Average
GPT2-medium fine tuned,0.8325386775212692,0.6710120721351122,0.6035556323511255,0.3573930241467885,0.8046238314737302,0.4128450322768975,0.6136613783174872
GPT2-XL debiased,0.7959939164028363,0.6248504046046695,0.5536415419791488,0.34236151957214267,0.7660115537172654,0.38419423298765637,0.5778421948772865
GPT2-XL biased,0.845272036291912,0.686643752329023,0.5945181865537953,0.3814225968632192,0.8160217883052548,0.42985043970558806,0.6256214666747988
GPT2-XL fine tuned,0.8158764507973322,0.6499686107902423,0.576041098245204,0.35698798810758925,0.7864029405879901,0.4157069071617176,0.6001639992816792
